,carat,cut,color,clarity,depth,table,length,width,height,price
53459,0.7,Ideal,E,SI1,62.8,55.0,5.65,5.69,3.56,2677
7024,0.9,Premium,E,SI1,62.9,58.0,6.16,6.11,3.86,4158
36455,0.31,Ideal,D,VS2,62.5,56.0,4.36,4.31,2.71,942
44694,0.56,Ideal,H,SI1,61.6,56.0,5.29,5.33,3.27,1612
25439,1.2,Premium,E,VVS1,60.6,60.0,6.95,6.85,4.18,14192
31930,0.3,Ideal,F,VS2,62.0,54.0,4.34,4.31,2.68,776
11833,1.0,Premium,H,VS2,61.3,61.0,6.44,6.38,3.93,5096
38789,0.31,Ideal,G,VVS1,60.7,57.0,4.4,4.37,2.66,1046
12240,1.05,Ideal,H,SI1,61.1,56.0,6.52,6.58,4.0,5200
9825,1.01,Good,G,SI1,63.9,57.0,6.37,6.3,4.05,4672
11034,1.22,Premium,I,SI2,62.3,58.0,6.85,6.8,4.25,4919
16320,1.09,Ideal,D,SI1,61.3,55.9,6.61,6.65,4.06,6532
10174,1.0,Premium,H,VS1,59.1,60.0,6.45,6.42,3.8,4732
13363,0.24,Very Good,F,VS2,61.9,59.0,3.98,4.0,2.47,419
12720,1.24,Premium,D,SI2,61.0,59.0,6.93,6.97,4.24,5311
23565,1.57,Premium,H,VS2,61.0,59.0,7.54,7.5,4.59,11575
25182,1.52,Premium,G,VS2,62.8,60.0,7.26,7.22,4.55,13768
2557,0.73,Ideal,G,VS1,60.8,56.4,5.81,5.86,3.55,3209
37877,0.42,Very Good,E,VS1,62.9,57.0,4.75,4.79,3.0,1005
52617,0.71,Premium,D,SI1,59.2,62.0,5.83,5.8,3.44,2547
6861,0.81,Ideal,G,VVS2,61.7,55.1,5.97,6.04,3.71,4127
45788,0.59,Very Good,I,VVS1,62.8,58.0,5.3,5.34,3.34,1709
30013,0.38,Ideal,E,VS2,61.5,56.0,4.65,4.69,2.87,717
7417,1.02,Premium,F,SI2,62.7,59.0,6.45,6.38,4.02,4227
6575,1.12,Premium,I,SI1,61.3,58.0,6.69,6.68,4.1,4077
32577,0.41,Ideal,G,VS2,60.7,56.0,4.77,4.82,2.91,801
21855,1.19,Ideal,G,VS1,62.4,54.0,6.78,6.81,4.24,9918
35916,0.43,Ideal,H,SI1,62.4,56.0,4.83,4.81,3.01,919
44083,0.6,Very Good,F,SI1,60.0,61.0,5.48,5.52,3.3,1554
19816,1.23,Premium,G,VS1,61.8,58.0,6.88,6.84,4.24,8381
430,0.76,Ideal,E,SI1,61.7,57.0,5.88,5.85,3.62,2814
37610,0.24,Very Good,E,VVS1,61.7,61.0,3.95,3.99,2.45,485
36266,0.4,Good,F,VVS2,62.2,63.0,4.66,4.69,2.91,936
35196,0.31,Ideal,G,IF,61.2,55.0,4.4,4.42,2.7,891
36693,0.39,Ideal,G,VVS2,61.6,56.6,4.68,4.71,2.9,952
9072,1.03,Very Good,H,SI1,61.1,59.0,6.5,6.56,3.99,4520
24759,2.0,Very Good,J,VS2,60.7,59.0,8.12,8.15,4.94,13113
8821,1.23,Very Good,G,SI2,61.0,63.0,6.91,6.85,4.2,4477
4619,0.87,Very Good,D,SI1,60.2,60.0,6.12,6.17,3.7,3664
33543,0.35,Ideal,E,VS1,61.9,56.0,4.51,4.53,2.8,829
23724,0.25,Very Good,F,VVS1,62.9,55.0,4.04,4.06,2.55,633
20885,1.62,Premium,F,SI2,61.6,60.0,7.52,7.55,4.64,9106
23142,1.51,Premium,H,VS1,61.0,60.0,7.29,7.34,4.46,11161
11060,0.34,Ideal,D,SI1,60.9,56.0,4.53,4.56,2.76,596
32049,0.43,Ideal,I,VS2,62.1,57.0,4.83,4.86,3.01,780
4026,0.71,Good,D,VS1,59.2,56.0,5.84,5.85,3.46,3524
1561,0.72,Ideal,F,SI1,62.3,56.0,5.77,5.79,3.6,3004
45853,0.55,Good,E,VS2,60.3,61.0,5.31,5.37,3.22,1715
49785,0.71,Good,I,VS1,64.2,56.0,5.62,5.66,3.62,2161
36781,0.39,Ideal,F,VS1,60.9,56.0,4.75,4.68,2.87,956
52260,0.78,Premium,H,SI1,60.0,60.0,5.93,5.92,3.62,2489
11022,1.24,Ideal,G,SI1,62.7,56.0,6.89,6.85,4.31,4916
40307,0.4,Premium,E,VS1,60.3,58.0,4.82,4.8,2.9,1125
51173,0.34,Ideal,D,IF,62.1,57.0,4.52,4.46,2.79,2346
23540,1.14,Premium,F,VVS1,59.4,59.0,6.87,6.8,4.06,11549
46755,0.53,Ideal,F,VS1,61.4,57.0,5.18,5.2,3.19,1800
13144,1.05,Very Good,G,SI1,60.2,58.0,6.57,6.61,3.97,5438
42638,0.5,Ideal,D,SI2,62.5,55.0,5.14,5.07,3.19,1332
12249,1.05,Ideal,G,SI1,59.7,56.0,6.67,6.64,3.97,5204
13510,1.06,Premium,G,VS2,62.5,58.0,6.52,6.47,4.06,5543
42508,0.5,Ideal,I,VVS2,61.8,57.0,5.09,5.11,3.15,1322
12001,1.01,Premium,H,VS1,61.6,57.0,6.47,6.38,3.96,5147
38677,0.3,Ideal,D,VVS2,61.6,56.0,4.32,4.35,2.67,1041
1063,0.31,Ideal,E,SI2,61.7,56.0,4.4,4.35,2.7,558
23400,1.13,Ideal,E,VVS2,60.1,59.0,6.77,6.81,4.08,11387
48897,0.71,Premium,F,SI2,62.2,57.0,5.66,5.6,3.5,2040
1755,0.81,Ideal,I,SI1,61.3,56.0,6.27,6.23,3.83,3043
10295,0.91,Very Good,E,VS2,62.2,60.0,6.13,6.21,3.84,4759
35763,0.4,Premium,E,VS2,62.5,58.0,4.65,4.73,2.93,912
7006,1.06,Premium,I,SI1,62.9,60.0,6.47,6.43,4.06,4155
36753,0.33,Ideal,F,VVS1,61.8,57.0,4.43,4.47,2.75,955
15530,1.0,Good,F,VS2,63.1,57.0,6.32,6.36,4.0,6223
12935,1.13,Ideal,H,SI1,62.3,56.0,6.66,6.69,4.16,5384
11326,1.18,Premium,G,SI2,60.5,60.0,6.88,6.81,4.14,4988
43165,0.42,Ideal,D,VVS2,62.1,55.0,4.81,4.78,2.98,1389
44350,0.56,Ideal,G,VS2,61.9,55.0,5.28,5.32,3.28,1580
117,0.71,Ideal,G,VS2,62.4,54.0,5.72,5.76,3.58,2762
49226,0.51,Ideal,F,VVS2,62.2,57.0,5.12,5.14,3.19,2082
24647,2.0,Premium,E,SI2,60.3,58.0,8.15,8.08,4.89,12987
31924,0.3,Ideal,G,VS1,62.8,57.0,4.26,4.24,2.67,776
42061,0.51,Very Good,F,SI1,63.7,55.0,5.06,5.11,3.24,1271
40239,0.39,Ideal,F,VVS1,61.7,55.0,4.69,4.71,2.9,1124
19029,0.27,Very Good,E,VVS2,63.8,54.0,4.06,4.09,2.6,621
39032,0.41,Ideal,H,SI1,62.2,55.0,4.76,4.79,2.97,1056
30774,0.35,Ideal,G,VS1,61.3,54.0,4.58,4.63,2.83,741
18729,1.7,Premium,J,SI2,63.0,60.0,7.59,7.53,4.76,7650
12713,0.26,Ideal,E,VVS2,62.3,57.0,4.06,4.09,2.54,599
1495,0.7,Ideal,D,VS2,60.3,60.0,5.71,5.76,3.46,2991
22691,0.29,Very Good,E,VVS1,60.9,61.0,4.23,4.27,2.59,629
38197,0.41,Premium,D,SI1,60.5,60.0,4.81,4.77,2.9,1015
53588,0.7,Ideal,G,SI1,62.0,56.0,5.66,5.69,3.52,2699
11589,1.21,Fair,H,VS2,64.5,56.0,6.7,6.66,4.31,5041
15020,1.0,Ideal,E,VS2,61.9,56.0,6.45,6.4,3.98,6048
39888,0.42,Premium,F,VS1,61.2,58.0,4.86,4.82,2.96,1103
43746,0.51,Premium,G,VS2,61.2,60.0,5.12,5.17,3.15,1438
30453,0.3,Good,F,VS1,63.7,56.0,4.28,4.26,2.72,731
37312,0.31,Ideal,E,VVS2,60.9,56.0,4.39,4.41,2.68,979
41248,0.56,Premium,G,SI2,60.0,60.0,5.48,5.42,3.11,1208
409,0.34,Ideal,H,VS2,60.4,57.0,4.54,4.57,2.75,555
9842,1.02,Ideal,E,SI1,61.1,56.0,6.51,6.45,3.96,4675
20061,0.31,Very Good,G,VS1,63.0,57.0,4.28,4.32,2.71,625
50622,0.26,Very Good,F,SI1,61.4,56.0,4.13,4.16,2.54,401
32023,0.31,Ideal,H,VVS2,61.3,56.0,4.37,4.4,2.69,778
28246,0.33,Ideal,G,VS1,61.9,55.0,4.41,4.44,2.74,666
35140,0.39,Premium,E,VS2,62.5,60.0,4.64,4.67,2.91,889
50281,0.3,Very Good,H,VS1,61.9,55.0,4.32,4.37,2.69,541
37553,0.32,Ideal,D,VVS1,62.1,54.0,4.43,4.4,2.74,988
23206,1.28,Very Good,G,VVS1,60.3,59.0,6.99,7.03,4.23,11214
53423,0.71,Very Good,G,VS2,61.9,62.0,5.69,5.72,3.53,2671
18070,1.27,Ideal,H,SI1,59.8,57.0,7.08,7.01,4.22,7297
7780,0.9,Ideal,F,SI1,61.5,56.0,6.25,6.2,3.83,4284
15978,1.7,Ideal,H,I1,61.3,55.0,7.7,7.63,4.7,6397
49903,0.61,Very Good,E,SI1,63.9,54.0,5.38,5.42,3.45,2179
4614,0.7,Ideal,F,VS1,61.2,56.0,5.73,5.76,3.52,3662
37740,0.41,Ideal,E,VS1,60.5,58.0,4.81,4.85,2.92,997
41469,0.41,Ideal,D,VS1,61.8,57.0,4.8,4.75,2.95,1230
12963,1.0,Very Good,D,SI1,61.3,54.0,6.37,6.39,3.91,5390
41356,0.38,Ideal,F,IF,62.2,54.0,4.65,4.68,2.9,1218
22534,1.32,Very Good,F,VS1,60.3,57.0,7.08,7.12,4.28,10575
47428,0.54,Ideal,G,VVS2,60.8,56.0,5.28,5.31,3.22,1852
29390,0.31,Very Good,E,SI1,63.5,57.0,4.32,4.28,2.73,698
51832,0.58,Ideal,D,VVS2,63.0,56.0,5.35,5.28,3.35,2421
40973,0.4,Ideal,E,VS1,59.2,62.0,4.8,4.83,2.85,1180
20964,1.01,Very Good,F,VVS1,63.2,56.0,6.39,6.33,4.02,9176
22424,1.19,Ideal,F,VS1,60.5,57.0,6.82,6.88,4.15,10449
11681,1.11,Ideal,G,SI1,62.6,57.0,6.64,6.59,4.14,5061
2761,0.9,Very Good,I,SI1,63.3,59.0,6.14,6.05,3.86,3251
1883,0.77,Ideal,H,VS1,61.4,55.0,5.89,5.93,3.63,3074
7913,0.9,Very Good,E,SI1,62.6,61.0,6.06,6.11,3.81,4315
30411,0.32,Premium,G,VVS2,61.7,59.0,4.37,4.41,2.71,730
50893,0.71,Premium,F,SI1,61.1,62.0,5.76,5.72,3.51,2317
51814,0.76,Very Good,H,SI2,59.8,58.0,5.94,5.96,3.56,2418
17108,1.0,Good,E,VS1,60.6,63.0,6.28,6.42,3.85,6822
11092,1.03,Ideal,G,SI2,62.3,59.0,6.44,6.46,4.02,4928
8552,1.01,Ideal,E,SI2,62.8,57.0,6.38,6.35,4.0,4434
43467,0.47,Very Good,F,VVS2,60.9,59.0,4.99,5.03,3.05,1418
43519,0.59,Ideal,F,SI1,62.3,54.0,5.37,5.41,3.36,1424
51325,0.31,Good,E,SI1,63.3,55.0,4.31,4.35,2.74,544
50478,0.52,Ideal,G,IF,61.7,56.0,5.15,5.19,3.19,2267
29478,0.4,Premium,G,SI1,61.4,60.0,4.67,4.71,2.88,702
30914,0.34,Ideal,E,VS2,62.4,55.0,4.48,4.53,2.81,745
11151,1.01,Ideal,H,SI1,61.2,58.0,6.42,6.49,3.95,4943
4135,0.81,Very Good,G,VS1,62.6,55.0,5.92,5.97,3.72,3544
50466,0.72,Ideal,I,VS1,62.3,55.0,5.79,5.69,3.58,2265
83,0.38,Ideal,I,SI2,61.6,56.0,4.65,4.67,2.87,554
32347,0.3,Very Good,E,VVS2,61.9,59.0,4.27,4.32,2.66,789
24481,1.5,Good,E,SI1,64.2,55.0,7.17,7.22,4.62,12754
50935,0.57,Ideal,E,VS2,61.0,54.0,5.43,5.39,3.3,2319
19924,1.01,Premium,F,VVS2,61.8,59.0,6.46,6.42,3.98,8470
2150,0.7,Very Good,G,VS1,61.6,57.0,5.69,5.73,3.52,3127
11958,1.21,Very Good,J,VS2,62.2,59.0,6.79,6.84,4.24,5136
10245,1.01,Good,H,SI1,63.4,59.0,6.28,6.34,4.0,4749
48982,0.24,Very Good,F,VVS2,61.4,57.0,4.03,4.06,2.48,538
16992,1.01,Very Good,E,VS2,63.5,58.0,6.36,6.34,4.03,6787
32429,0.33,Ideal,E,VS2,61.7,55.0,4.45,4.47,2.75,792
45979,0.3,Premium,E,SI1,61.3,60.0,4.27,4.31,2.63,526
24460,1.7,Good,H,VS2,62.5,59.0,7.48,7.58,4.71,12723
11809,1.01,Premium,G,SI1,60.8,60.0,6.47,6.39,3.91,5090
6464,1.0,Good,F,SI2,61.8,58.0,6.43,6.48,3.99,4053
33041,0.32,Ideal,G,VVS1,61.2,56.0,4.42,4.44,2.71,814
41226,0.43,Ideal,D,VS1,62.1,56.0,4.85,4.87,3.02,1207
28900,0.3,Very Good,H,VVS1,62.2,58.0,4.26,4.29,2.66,684
28944,0.3,Good,H,VVS1,63.4,57.0,4.27,4.31,2.72,684
4454,0.88,Ideal,F,SI2,62.2,56.0,6.11,6.17,3.82,3619
8291,1.03,Ideal,H,SI2,61.1,57.0,6.55,6.52,3.99,4384
13507,1.01,Premium,D,SI1,61.8,60.0,6.37,6.35,3.93,5543
900,0.73,Premium,E,VS1,62.6,60.0,5.68,5.75,3.58,2876
52849,0.7,Premium,E,SI1,61.0,56.0,5.75,5.69,3.49,2576
18073,1.33,Premium,H,SI1,61.9,58.0,7.04,6.98,4.34,7302
53105,0.57,Ideal,E,VVS2,61.9,54.3,5.31,5.33,3.29,2615
34323,0.32,Ideal,E,VVS1,60.7,55.0,4.42,4.45,2.69,860
47854,0.51,Ideal,E,VS2,60.1,57.0,5.23,5.19,3.13,1909
43595,0.3,Ideal,G,VS2,61.8,56.0,4.29,4.32,2.66,507
21386,0.34,Very Good,I,VVS1,61.9,58.0,4.43,4.52,2.77,626
22320,1.57,Ideal,E,SI2,61.4,56.0,7.44,7.52,4.59,10362
52943,0.7,Very Good,F,VS2,63.3,56.0,5.62,5.66,3.57,2593
17206,1.24,Premium,F,SI1,61.6,59.0,6.86,6.9,4.24,6874
7378,0.97,Very Good,F,SI2,62.9,57.0,6.28,6.31,3.96,4223
8706,0.28,Ideal,G,VVS2,61.6,56.0,4.18,4.2,2.58,586
33505,0.32,Premium,G,VS1,62.5,60.0,4.35,4.29,2.7,828
14102,1.0,Very Good,E,VS2,62.8,63.0,6.28,6.33,3.96,5720
17202,1.2,Very Good,F,SI1,63.5,57.0,6.65,6.74,4.25,6872
17148,1.1,Ideal,H,SI1,61.5,56.0,6.61,6.65,4.08,6844
31805,0.3,Very Good,G,IF,61.4,58.0,4.27,4.33,2.64,774
3820,0.73,Ideal,E,VS2,61.7,57.0,5.75,5.78,3.55,3470
13862,1.15,Good,H,VS2,63.1,56.0,6.62,6.7,4.2,5646
50312,0.7,Premium,F,SI1,61.2,59.0,5.7,5.64,3.47,2239
41451,0.4,Ideal,G,IF,62.3,55.0,4.74,4.76,2.96,1229
32077,0.33,Ideal,D,VS2,62.1,54.0,4.43,4.46,2.76,781
16778,1.02,Premium,G,VS1,62.0,56.0,6.5,6.43,4.01,6683
15434,1.21,Ideal,H,SI1,61.1,57.0,6.91,6.83,4.2,6180
14553,1.25,Ideal,H,SI2,62.8,55.0,6.87,6.82,4.3,5880
38807,0.31,Premium,G,VVS1,61.2,59.0,4.34,4.32,2.65,1046
7314,1.02,Premium,H,SI2,60.9,59.0,6.46,6.51,3.95,4207
8801,1.0,Good,E,SI1,63.8,55.0,6.34,6.31,4.03,4474
46836,0.79,Very Good,G,SI2,63.4,60.0,5.83,5.77,3.68,1809
48126,0.54,Ideal,E,VS1,61.0,56.0,5.24,5.35,3.23,1939
17731,1.01,Good,G,VVS2,63.2,59.0,6.27,6.35,3.99,7137
44566,0.52,Very Good,D,SI1,63.3,58.0,5.15,5.12,3.25,1605
19117,1.01,Very Good,G,VVS2,63.3,57.0,6.31,6.36,4.01,7885
16260,1.08,Good,H,VVS1,63.1,57.0,6.52,6.57,4.13,6504
47864,0.52,Ideal,G,VVS2,61.7,55.0,5.19,5.22,3.21,1911
2396,0.32,Premium,G,VS2,61.2,59.0,4.38,4.41,2.69,561
44311,0.3,Premium,D,SI1,62.5,59.0,4.26,4.22,2.65,520
40437,0.36,Ideal,F,IF,61.4,55.9,4.58,4.62,2.82,1138
41094,0.51,Good,D,SI1,63.4,59.0,5.07,5.02,3.2,1193
37069,0.55,Good,J,VS1,63.8,61.0,5.09,5.12,3.26,969
7660,1.01,Premium,G,SI2,60.1,60.0,6.48,6.44,3.88,4270
15599,1.01,Very Good,F,VS2,59.2,59.0,6.49,6.61,3.88,6257
10530,1.01,Premium,G,SI1,62.1,56.0,6.42,6.36,3.97,4805
3090,0.93,Premium,F,SI2,61.3,62.0,6.26,6.17,3.81,3317
50863,0.82,Very Good,J,SI1,62.9,57.0,5.88,5.94,3.72,2313
9726,1.14,Premium,H,SI1,63.0,57.0,6.7,6.65,4.2,4654
7109,1.11,Very Good,I,SI2,62.6,55.0,6.65,6.71,4.18,4168
39745,0.53,Ideal,G,SI2,62.4,56.0,5.18,5.14,3.22,1093
12557,1.06,Ideal,H,VS2,61.2,55.0,6.57,6.61,4.03,5277
30454,0.3,Ideal,F,VS1,62.6,57.0,4.34,4.29,2.7,731
29407,0.31,Ideal,F,VVS2,61.7,55.0,4.33,4.36,2.68,700
7119,1.01,Good,I,SI1,61.7,58.0,6.33,6.4,3.93,4171
18873,1.11,Ideal,F,VS2,61.6,57.0,6.65,6.67,4.1,7740
46496,0.5,Very Good,F,VVS2,60.4,61.0,5.12,5.14,3.1,1778
46454,0.52,Ideal,D,VS2,62.1,57.0,5.13,5.17,3.2,1774
6520,0.91,Very Good,H,VS1,62.7,63.0,6.1,6.03,3.8,4066
47679,0.51,Ideal,D,VS2,62.3,57.0,5.12,5.09,3.18,1882
22423,1.57,Very Good,H,SI1,59.6,58.0,7.61,7.65,4.55,10447
28821,0.41,Very Good,H,SI1,62.6,59.0,4.72,4.77,2.97,683
5549,1.02,Good,I,SI2,63.6,56.0,6.4,6.37,4.06,3856
37768,0.41,Ideal,E,VS2,62.1,57.0,4.79,4.74,2.96,999
52596,0.53,Very Good,D,VVS2,60.5,57.0,5.23,5.31,3.19,2542
42041,0.53,Ideal,H,SI1,61.3,55.0,5.23,5.27,3.22,1268
47824,0.53,Premium,D,VS2,60.2,58.0,5.26,5.23,3.16,1904
7644,0.9,Good,F,VS2,64.5,60.0,6.03,6.07,3.9,4268
4940,1.01,Premium,H,SI2,59.6,60.0,6.55,6.5,3.89,3732
35156,0.31,Very Good,G,IF,61.6,54.0,4.4,4.43,2.72,891
3099,0.52,Ideal,D,VVS1,60.9,56.0,5.2,5.24,3.18,3321
12729,1.03,Very Good,D,SI1,60.5,61.0,6.43,6.47,3.9,5313
29394,0.31,Good,E,SI1,63.6,57.0,4.3,4.28,2.73,698
41117,0.4,Ideal,F,VVS2,61.6,56.0,4.73,4.77,2.93,1196
35689,0.46,Ideal,I,VS1,62.3,56.0,4.93,4.96,3.08,911
36610,0.32,Ideal,D,SI2,61.7,55.0,4.38,4.4,2.71,477
44864,0.51,Very Good,H,VS1,62.3,57.0,5.1,5.12,3.18,1628
52983,0.72,Ideal,I,VVS2,61.5,58.0,5.78,5.79,3.56,2594
25359,0.31,Very Good,G,VVS1,61.9,55.0,4.36,4.4,2.71,642
41728,0.41,Ideal,E,VVS2,62.2,54.0,4.79,4.76,2.97,1243
21719,0.32,Ideal,H,VVS2,61.6,55.0,4.43,4.46,2.74,628
49562,0.7,Very Good,F,SI2,62.9,56.0,5.68,5.71,3.58,2131
18819,1.54,Premium,G,SI2,59.4,60.0,7.49,7.52,4.46,7707
23106,1.24,Very Good,F,VVS2,62.0,55.0,6.88,6.95,4.29,11130
39633,0.34,Ideal,G,IF,61.7,55.0,4.5,4.48,2.77,1084
1748,0.73,Ideal,G,VS1,61.8,57.0,5.78,5.81,3.58,3041
10771,1.01,Very Good,H,SI1,61.8,60.0,6.38,6.44,3.96,4855
22360,0.31,Premium,H,VS2,62.2,59.0,4.38,4.34,2.71,628
31488,0.34,Ideal,G,VS2,61.4,57.0,4.51,4.48,2.76,765
44922,0.74,Very Good,E,SI2,63.3,59.0,5.82,5.78,3.67,1632
18053,0.3,Ideal,I,IF,62.0,57.0,4.28,4.3,2.66,615
51304,0.31,Premium,I,VVS2,61.7,58.0,4.38,4.4,2.71,544
19205,1.51,Very Good,J,VS1,63.7,55.0,7.16,7.28,4.6,7953
13614,1.0,Very Good,E,SI1,62.4,59.0,6.36,6.42,3.99,5571
44741,0.62,Ideal,H,SI1,61.4,56.0,5.51,5.49,3.38,1618
39236,0.33,Ideal,F,VVS2,62.4,56.0,4.43,4.41,2.76,1067
42001,0.51,Very Good,F,SI1,62.0,54.0,5.15,5.18,3.2,1265
24712,0.3,Very Good,E,VS2,61.5,58.0,4.28,4.31,2.64,640
3285,0.91,Ideal,H,SI2,60.3,57.0,6.31,6.27,3.79,3363
8790,0.98,Ideal,G,SI2,61.7,56.0,6.36,6.4,3.93,4470
21974,1.76,Premium,I,SI2,62.0,58.0,7.76,7.72,4.8,10043
41049,0.66,Premium,J,SI1,61.0,61.0,5.64,5.59,3.43,1188
39647,0.47,Very Good,F,SI1,63.3,60.0,4.98,4.94,3.14,1086
19753,1.06,Premium,G,VVS1,61.1,58.0,6.57,6.53,4.0,8319
52728,0.7,Very Good,H,VVS2,62.6,57.0,5.63,5.65,3.53,2558
9033,0.36,Ideal,H,VS2,61.0,57.0,4.59,4.63,2.81,587
1138,0.71,Very Good,D,SI1,60.1,60.0,5.76,5.79,3.47,2921
4589,1.01,Good,J,VS2,62.8,58.0,6.3,6.35,3.97,3655
35059,0.4,Premium,D,SI1,60.9,60.0,4.78,4.74,2.9,884
32488,0.32,Ideal,G,VVS1,62.3,56.0,4.38,4.41,2.73,796
37014,0.33,Ideal,G,VVS2,61.5,56.0,4.49,4.45,2.75,965
31248,0.4,Ideal,I,VVS2,62.0,54.0,4.74,4.77,2.95,758
39777,0.36,Ideal,D,VS2,61.5,57.0,4.58,4.56,2.81,1094
39078,0.41,Premium,E,SI1,62.3,56.0,4.78,4.76,2.97,1059
112,0.9,Premium,I,VS2,63.0,58.0,6.16,6.12,3.87,2761
4661,0.91,Premium,H,SI1,62.2,60.0,6.22,6.16,3.85,3669
43489,0.58,Ideal,H,SI1,60.2,57.0,5.47,5.43,3.28,1421
289,0.71,Premium,D,SI1,61.3,58.0,5.73,5.75,3.52,2797
38565,0.35,Ideal,F,IF,60.9,56.0,4.54,4.56,2.77,1035
39948,0.28,Good,E,VVS1,64.6,55.0,4.15,4.18,2.69,492
7808,0.85,Very Good,F,VS1,62.0,55.0,6.08,6.14,3.78,4293
19004,1.08,Premium,D,VS2,61.2,60.0,6.63,6.61,4.05,7824
45324,0.32,Good,E,SI1,63.1,54.0,4.37,4.41,2.77,524
39542,0.4,Premium,F,VS2,62.6,58.0,4.72,4.68,2.94,1080
50200,0.9,Good,G,I1,63.6,61.0,6.03,6.07,3.85,2226
30932,0.24,Very Good,H,VVS2,61.3,57.0,4.01,4.04,2.46,449
14293,1.34,Very Good,J,SI2,62.3,61.0,6.97,7.05,4.37,5787
43006,0.52,Very Good,E,SI1,62.8,57.0,5.09,5.13,3.21,1369
42349,0.39,Premium,G,IF,59.0,60.0,4.75,4.78,2.81,1300
7393,0.33,Premium,H,VS1,61.5,58.0,4.39,4.46,2.72,579
10147,1.25,Good,I,SI2,63.9,56.0,6.81,6.77,4.34,4725
33130,0.31,Very Good,E,VVS2,60.8,55.0,4.38,4.43,2.68,816
8398,0.34,Premium,D,SI1,62.0,58.0,4.43,4.47,2.76,584
49991,0.57,Ideal,E,VS1,61.8,55.0,5.34,5.39,3.32,2192
24883,1.01,Very Good,D,VVS1,62.8,57.0,6.36,6.41,4.01,13312
44822,0.52,Ideal,F,VS2,61.3,57.0,5.22,5.19,3.19,1624
32814,0.34,Ideal,E,VS1,62.0,56.0,4.48,4.52,2.79,805
27114,1.8,Very Good,E,SI1,62.2,57.0,7.81,7.89,4.88,17273
47044,0.5,Premium,D,VS2,59.7,57.0,5.13,5.08,3.05,1819
3027,0.7,Ideal,E,VS1,62.2,58.0,5.67,5.71,3.54,3309
14511,1.14,Ideal,H,SI1,60.4,57.0,6.78,6.83,4.11,5861
38598,0.5,Ideal,G,SI2,60.0,57.0,5.17,5.2,3.11,1038
53030,0.72,Ideal,I,VVS2,61.6,57.0,5.73,5.76,3.54,2602
5968,1.14,Premium,D,I1,61.8,59.0,6.62,6.74,4.13,3950
35880,0.32,Ideal,G,IF,62.1,53.0,4.41,4.44,2.75,918
38544,0.34,Ideal,D,VS2,62.5,57.0,4.47,4.4,2.77,1033
43691,0.5,Good,F,VS2,63.2,58.0,5.0,5.03,3.17,1436
2145,0.93,Premium,J,VS2,61.1,59.0,6.34,6.32,3.87,3125
52318,0.33,Premium,F,SI1,60.9,59.0,4.42,4.45,2.7,550
12848,0.9,Good,E,VS1,59.3,56.0,6.27,6.32,3.73,5356
48612,0.51,Ideal,F,VVS2,61.9,56.0,5.13,5.15,3.18,1998
41680,0.54,Ideal,H,SI1,62.2,56.0,5.26,5.19,3.25,1240
28870,0.32,Premium,F,SI1,59.3,58.0,4.5,4.47,2.66,684
23918,1.54,Premium,G,SI1,61.0,59.0,7.38,7.43,4.52,12044
24796,1.62,Premium,F,SI1,62.6,58.0,7.48,7.53,4.7,13177
21131,1.22,Premium,E,VS2,62.2,55.0,6.91,6.85,4.28,9292
51649,0.26,Very Good,G,VVS1,61.8,57.0,4.06,4.1,2.52,545
420,0.7,Very Good,F,VS2,62.3,58.0,5.64,5.72,3.54,2812
45545,0.51,Premium,D,SI1,61.0,60.0,5.18,5.15,3.15,1687
14286,1.06,Very Good,H,VS2,62.5,57.0,6.47,6.49,4.05,5783
13019,1.11,Ideal,G,SI1,61.9,57.0,6.63,6.66,4.11,5408
32455,0.4,Premium,H,VS1,62.7,58.5,4.7,4.74,2.96,793
16925,1.69,Ideal,H,I1,62.0,56.0,7.66,7.61,4.73,6757
45564,0.52,Ideal,G,VS1,62.3,55.0,5.14,5.16,3.21,1689
50231,0.7,Ideal,I,VS2,62.5,56.0,5.66,5.7,3.55,2232
51154,0.63,Premium,E,VS2,62.4,59.0,5.5,5.46,3.42,2344
1441,0.7,Premium,F,VVS2,62.2,58.0,5.72,5.66,3.54,2975
13379,0.32,Ideal,H,SI2,61.9,54.0,4.42,4.46,2.75,420
28582,0.3,Ideal,G,VS2,61.7,56.0,4.35,4.31,2.67,675
40672,0.44,Ideal,E,VS1,61.5,56.0,4.92,4.9,3.02,1155
9223,1.03,Premium,G,SI2,60.6,60.0,6.53,6.5,3.95,4557
52935,0.7,Good,G,VS1,60.6,61.0,5.71,5.77,3.48,2591
35416,0.4,Very Good,G,SI1,60.0,63.0,4.8,4.76,2.87,900
1212,0.73,Very Good,F,VS2,62.7,58.0,5.73,5.75,3.6,2939
33859,0.3,Ideal,E,VS2,61.0,56.0,4.36,4.33,2.65,844
20170,1.02,Very Good,G,IF,62.3,59.0,6.36,6.45,3.99,8624
37539,0.39,Ideal,F,VVS2,61.7,56.0,4.7,4.73,2.91,988
2206,0.9,Premium,J,SI1,60.4,59.0,6.27,6.24,3.78,3141
31175,0.35,Ideal,H,VVS1,62.0,55.0,4.52,4.54,2.81,756
34675,0.41,Good,D,VS2,63.4,54.0,4.74,4.79,3.02,873
13058,1.01,Very Good,E,SI1,62.8,57.0,6.35,6.39,4.0,5411
46881,0.56,Ideal,H,VVS2,60.9,57.0,5.38,5.33,3.26,1814
19245,1.37,Ideal,H,VS1,63.8,56.0,7.01,6.98,4.46,7979
17233,1.13,Ideal,G,VS2,62.7,56.0,6.61,6.65,4.16,6891
18604,1.16,Very Good,G,VS1,62.9,55.0,6.65,6.74,4.21,7589
31219,0.32,Ideal,D,SI1,62.7,54.0,4.4,4.37,2.75,756
1145,0.77,Ideal,D,SI2,60.6,56.0,5.95,5.9,3.59,2922
33061,0.3,Ideal,F,VVS1,61.9,57.0,4.3,4.32,2.67,814
53712,0.71,Ideal,D,SI1,61.5,56.0,5.7,5.75,3.52,2719
4934,0.91,Good,D,SI1,64.0,58.0,6.09,6.06,3.89,3730
21260,1.24,Premium,F,VS2,62.2,58.0,6.89,6.84,4.27,9411
43027,0.42,Ideal,E,VS1,60.9,57.0,4.83,4.86,2.95,1372
37722,0.34,Ideal,G,VVS2,62.1,55.0,4.48,4.44,2.77,995
20005,1.2,Ideal,G,VS1,62.4,57.0,6.78,6.8,4.24,8545
21689,1.24,Ideal,G,VVS2,61.2,56.0,6.92,6.88,4.22,9788
47028,0.54,Ideal,F,VS1,62.5,56.0,5.18,5.22,3.25,1819
3875,0.9,Very Good,E,SI2,63.7,56.0,6.08,6.13,3.89,3482
33502,0.32,Very Good,F,VS2,63.2,58.0,4.35,4.32,2.74,828
43955,0.31,Good,F,SI1,63.1,57.0,4.28,4.31,2.71,516
3846,0.84,Ideal,I,VS2,61.7,55.0,6.07,6.11,3.76,3475
22106,1.66,Very Good,H,SI1,62.8,56.0,7.53,7.57,4.74,10134
14028,1.16,Premium,H,SI1,62.8,57.0,6.73,6.67,4.21,5702
40690,0.38,Very Good,E,VVS2,59.7,63.0,4.71,4.73,2.82,1157
19509,1.21,Premium,F,VS2,61.3,58.0,6.89,6.84,4.21,8139
5298,1.0,Good,F,SI2,63.4,60.0,6.28,6.33,4.0,3801
51338,0.52,Ideal,D,VVS2,62.3,56.0,5.12,5.15,3.2,2362
8603,1.07,Ideal,H,SI2,61.8,56.0,6.58,6.63,4.08,4442
4314,0.73,Ideal,G,VS2,61.6,56.0,5.8,5.83,3.58,3595
35571,0.35,Premium,F,VS2,61.5,59.0,4.55,4.53,2.79,906
11678,1.26,Premium,E,SI2,60.3,60.0,7.0,6.94,4.2,5058
1636,0.9,Ideal,H,SI2,62.8,55.0,6.18,6.11,3.86,3016
48210,0.56,Ideal,G,VVS2,62.0,54.0,5.28,5.32,3.29,1949
21824,1.53,Very Good,H,VS1,59.5,63.0,7.44,7.51,4.45,9896
41745,0.52,Good,F,SI1,63.8,56.0,5.07,5.12,3.25,1244
42295,0.32,Very Good,H,VS2,63.0,57.0,4.33,4.37,2.74,505
6215,0.8,Very Good,G,VVS2,62.5,56.0,5.95,5.98,3.73,4002
44674,0.55,Ideal,E,SI1,62.5,56.0,5.21,5.25,3.27,1609
1593,0.8,Ideal,I,VS1,60.7,59.0,5.98,6.02,3.64,3010
48370,0.51,Ideal,G,VVS1,61.4,56.0,5.14,5.15,3.16,1963
35678,0.41,Very Good,E,VS2,63.3,56.0,4.71,4.74,2.99,910
18651,1.32,Ideal,I,VS1,61.2,57.0,7.12,7.06,4.34,7617
52952,0.24,Very Good,D,VVS2,62.4,58.0,3.94,4.01,2.48,552
37131,0.36,Ideal,D,VVS2,60.7,56.0,4.59,4.63,2.8,971
10082,0.95,Very Good,E,SI1,62.8,59.0,6.21,6.25,3.91,4711
38054,0.4,Ideal,F,VVS2,62.2,55.0,4.75,4.77,2.96,1012
3202,0.77,Ideal,D,SI1,62.5,56.0,5.86,5.91,3.68,3345
33399,0.4,Ideal,I,VS1,62.0,54.0,4.72,4.75,2.94,828
42335,0.55,Ideal,I,VS1,62.5,57.0,5.19,5.25,3.26,1297
28756,0.31,Very Good,E,VS2,61.0,59.0,4.33,4.39,2.66,680
10832,0.9,Ideal,G,SI1,61.9,57.0,6.16,6.19,3.82,4871
26286,1.51,Ideal,D,VS2,60.9,57.0,7.42,7.45,4.53,15776
25087,1.72,Premium,H,VS2,61.3,59.0,7.72,7.69,4.72,13609
45087,0.52,Premium,E,VS2,60.9,58.0,5.2,5.18,3.16,1646
49261,0.71,Very Good,F,SI1,63.0,56.0,5.65,5.72,3.58,2088
6283,1.01,Ideal,F,SI2,62.7,57.0,6.43,6.37,4.01,4017
11197,1.02,Premium,H,VS2,60.0,58.0,6.56,6.5,3.92,4958
29543,0.43,Premium,E,SI2,61.0,60.0,4.87,4.94,2.99,704
5667,1.09,Ideal,F,SI2,61.6,54.0,6.69,6.62,4.1,3882
32580,0.32,Good,E,VVS1,59.4,61.0,4.45,4.48,2.65,801
12701,0.26,Ideal,F,VVS2,62.5,56.0,4.1,4.12,2.57,599
11971,1.01,Ideal,F,SI1,62.3,55.0,6.37,6.44,3.99,5140
17119,1.32,Good,E,SI1,63.7,56.0,6.96,6.88,4.41,6830
35551,0.35,Premium,H,VVS2,61.9,58.0,4.54,4.5,2.8,906
16769,0.9,Ideal,G,VVS1,61.5,56.0,6.22,6.24,3.83,6680
15219,1.12,Ideal,H,VS2,61.8,55.0,6.64,6.7,4.12,6110
354,0.74,Premium,F,VS2,61.9,56.0,5.8,5.77,3.58,2805
13179,1.11,Very Good,H,VS2,62.4,58.0,6.57,6.69,4.14,5450
49180,0.64,Ideal,F,VS2,62.5,56.0,5.55,5.53,3.46,2074
38307,0.37,Good,G,SI2,63.3,55.0,4.58,4.61,2.91,487
18798,1.54,Very Good,J,VS2,62.7,60.0,7.34,7.37,4.61,7695
48402,0.7,Very Good,J,VVS2,63.2,55.0,5.63,5.57,3.54,1968
21954,1.51,Premium,G,SI1,59.7,58.0,7.5,7.45,4.46,10020
20127,1.2,Ideal,F,VS2,62.3,56.0,6.82,6.79,4.24,8590
6286,1.05,Premium,G,SI2,62.7,54.0,6.51,6.48,4.07,4018
46920,0.52,Very Good,G,VS1,63.3,55.0,5.12,5.09,3.23,1815
13157,1.01,Ideal,D,SI1,61.2,57.0,6.44,6.47,3.95,5443
1278,0.71,Premium,D,VS2,62.1,60.0,5.72,5.68,3.54,2950
2348,1.03,Ideal,H,SI2,62.4,57.0,6.43,6.36,4.0,3172
1263,0.9,Premium,I,SI1,60.9,56.0,6.26,6.21,3.8,2947
13334,1.12,Very Good,G,SI2,61.2,58.0,6.65,6.69,4.08,5504
46473,0.51,Ideal,H,VVS1,61.8,55.0,5.15,5.18,3.19,1776
10524,1.01,Premium,G,SI1,60.0,58.0,6.55,6.51,3.92,4805
43580,0.41,Ideal,E,VVS1,61.3,57.0,4.79,4.77,2.93,1431
31115,0.33,Ideal,G,VVS2,62.0,53.5,4.44,4.48,2.76,754
12704,0.26,Ideal,E,VVS1,61.7,57.0,4.07,4.1,2.52,599
24259,1.5,Very Good,E,VS2,59.4,62.0,7.4,7.48,4.42,12474
32074,0.32,Ideal,F,VS2,61.4,55.0,4.43,4.46,2.73,781
6983,1.01,Premium,G,SI2,60.1,59.0,6.45,6.39,3.86,4154
1452,0.76,Premium,D,VS2,60.9,58.0,5.9,5.85,3.58,2977
38914,0.33,Ideal,G,IF,61.6,53.0,4.47,4.43,2.74,1052
14004,1.2,Premium,I,VS2,61.8,55.0,6.93,6.8,4.24,5699
37837,0.33,Ideal,D,VS2,62.1,55.0,4.46,4.43,2.76,1002
53767,0.7,Ideal,F,VS1,62.0,55.0,5.71,5.74,3.55,2726
50416,0.71,Ideal,H,SI2,59.4,57.0,5.87,5.81,3.47,2258
53877,0.77,Premium,F,SI1,60.0,61.0,5.97,5.93,3.57,2745
34853,0.3,Ideal,G,VVS2,61.5,57.0,4.33,4.29,2.65,878
20891,1.04,Ideal,F,VVS2,62.2,56.0,6.46,6.53,4.04,9115
28905,0.3,Ideal,G,VVS2,60.9,57.0,4.32,4.35,2.64,684
20490,1.21,Ideal,G,VS1,61.4,56.0,6.84,6.9,4.22,8824
27504,1.73,Very Good,G,VVS2,62.6,55.0,7.66,7.76,4.83,18211
1926,0.8,Premium,D,SI2,61.1,58.0,5.94,5.9,3.62,3082
1895,0.73,Ideal,E,VS2,62.7,56.0,5.75,5.8,3.62,3077
8449,1.01,Premium,H,SI2,60.3,60.0,6.49,6.45,3.9,4412
8121,1.18,Very Good,J,SI2,62.2,58.0,6.74,6.79,4.21,4353
14606,1.21,Premium,J,VVS1,61.3,59.0,6.81,6.86,4.19,5893
41693,0.63,Good,F,SI2,64.2,56.0,5.4,5.34,3.45,1240
30255,0.31,Very Good,E,VVS1,60.4,61.0,4.34,4.4,2.64,725
13165,1.24,Very Good,I,VS1,61.4,63.0,6.89,6.88,4.23,5444
45310,0.3,Premium,F,VS2,61.8,60.0,4.27,4.3,2.65,524
10180,1.22,Premium,I,SI2,61.5,61.0,6.89,6.83,4.22,4735
15273,1.5,Premium,H,SI2,61.5,58.0,7.38,7.32,4.52,6132
13224,1.01,Very Good,E,SI1,60.0,60.0,6.43,6.51,3.88,5461
28774,0.43,Very Good,F,SI2,61.6,59.0,4.8,4.84,2.97,681
5975,0.72,Premium,E,IF,61.3,60.0,5.74,5.71,3.51,3951
30322,0.36,Premium,G,VS1,59.7,59.0,4.61,4.64,2.76,726
33133,0.31,Ideal,G,VVS1,61.9,55.0,4.3,4.36,2.68,816
21533,1.22,Ideal,F,VS1,62.2,57.0,6.85,6.81,4.25,9633
28654,0.32,Very Good,G,VVS1,60.9,57.0,4.41,4.44,2.69,676
45716,0.56,Ideal,E,SI1,61.7,56.0,5.33,5.3,3.28,1698
14761,1.0,Premium,G,VS2,61.6,58.0,6.39,6.43,3.95,5940
19540,1.42,Ideal,I,VS2,60.4,55.0,7.28,7.38,4.43,8173
46902,0.56,Ideal,D,SI1,62.3,56.0,5.33,5.26,3.3,1814
35349,0.42,Premium,H,SI1,62.0,59.0,4.79,4.76,2.96,898
678,0.74,Very Good,E,VS1,63.1,58.0,5.75,5.73,3.62,2849
39825,0.39,Premium,G,VS1,62.6,58.0,4.7,4.66,2.93,1097
31708,0.38,Premium,J,VS1,62.1,60.0,4.64,4.6,2.87,770
52806,0.71,Premium,I,VVS1,62.0,58.0,5.7,5.65,3.52,2572
40695,0.4,Ideal,E,VVS2,61.5,56.0,4.74,4.79,2.93,1158
35029,0.4,Good,E,SI1,63.9,58.0,4.67,4.63,2.97,882
3409,0.3,Ideal,F,VS2,62.1,57.0,4.27,4.3,2.66,568
35639,0.3,Ideal,H,SI1,62.5,53.9,4.29,4.32,2.69,475
22012,1.19,Ideal,D,VS1,61.1,57.0,6.84,6.87,4.19,10079
10920,1.09,Ideal,F,SI2,61.2,57.0,6.6,6.64,4.05,4891
20972,1.51,Very Good,I,VS2,61.6,57.0,7.28,7.34,4.5,9185
44775,0.61,Very Good,D,SI1,62.4,59.0,5.42,5.45,3.39,1622
7475,1.1,Very Good,I,SI1,60.4,61.0,6.69,6.73,4.05,4235
32351,0.3,Ideal,E,VVS2,61.9,57.0,4.28,4.31,2.66,789
31884,0.3,Premium,G,VS1,61.8,59.0,4.37,4.34,2.69,776
3464,0.84,Very Good,I,VVS2,61.7,56.0,6.03,6.07,3.74,3392
16381,1.32,Premium,F,SI2,60.6,60.0,7.05,7.1,4.29,6541
16137,1.23,Ideal,I,SI1,62.1,57.0,6.83,6.88,4.26,6449
30837,0.33,Premium,H,VS1,59.5,59.0,4.53,4.48,2.68,743
41415,0.4,Ideal,D,VS2,61.6,55.0,4.75,4.79,2.94,1226
4223,0.9,Good,E,SI1,63.5,55.0,6.12,6.22,3.92,3570
30179,0.39,Premium,H,SI2,62.4,59.0,4.65,4.58,2.88,721
34158,0.33,Ideal,G,VS1,62.1,55.0,4.46,4.43,2.76,854
35514,0.35,Ideal,E,VVS1,61.9,56.0,4.53,4.55,2.81,905
38872,0.4,Premium,F,VS1,61.9,59.0,4.7,4.67,2.9,1050
18589,1.22,Ideal,H,VS2,62.8,56.0,6.81,6.75,4.26,7584
32275,0.3,Premium,G,VVS1,60.7,58.0,4.34,4.36,2.64,789
40337,0.54,Very Good,J,VS2,63.0,57.0,5.17,5.21,3.27,1129
324,1.0,Premium,J,SI2,62.3,58.0,6.45,6.34,3.98,2801
35976,0.42,Very Good,G,VS1,62.4,59.0,4.78,4.8,2.99,921
39959,0.33,Premium,D,SI2,61.6,59.0,4.41,4.42,2.72,492
12658,1.02,Premium,F,SI1,62.3,58.0,6.38,6.46,4.0,5301
4743,1.01,Very Good,G,SI2,62.0,58.0,6.41,6.46,3.99,3682
43455,0.5,Premium,E,SI1,63.0,59.0,5.01,4.99,3.15,1415
7334,0.9,Good,G,VS2,60.8,56.0,6.14,6.19,3.75,4210
32227,0.31,Ideal,G,VVS1,61.9,54.0,4.35,4.37,2.7,789
27961,0.3,Ideal,E,VS2,62.1,56.0,4.25,4.31,2.66,658
20487,1.5,Premium,I,VS2,62.9,58.0,7.17,7.08,4.48,8820
12283,1.36,Very Good,J,SI2,62.6,58.0,7.0,7.12,4.42,5215
19949,1.55,Ideal,J,VS2,61.4,55.0,7.41,7.49,4.58,8498
52714,0.59,Very Good,F,IF,62.8,56.0,5.31,5.36,3.35,2554
47499,0.47,Ideal,H,IF,62.4,57.0,4.97,5.0,3.11,1865
10898,1.02,Premium,H,SI1,60.5,60.0,6.58,6.51,3.96,4884
32776,0.34,Premium,D,SI1,62.4,58.0,4.46,4.42,2.77,803
31522,0.34,Ideal,E,SI1,62.1,55.0,4.51,4.47,2.79,765
44140,0.51,Ideal,F,VS2,61.3,56.0,5.14,5.11,3.14,1562
29712,0.31,Good,H,VVS1,63.3,56.0,4.3,4.32,2.73,707
50860,0.54,Premium,E,VVS2,61.0,59.0,5.28,5.27,3.22,2313
35391,0.41,Premium,G,VS1,60.5,58.0,4.76,4.8,2.89,899
1337,0.73,Premium,F,VS1,61.9,56.0,5.81,5.76,3.58,2961
51866,0.73,Ideal,I,VS2,61.9,56.0,5.77,5.82,3.59,2426
9790,1.01,Premium,E,SI2,61.5,58.0,6.4,6.43,3.95,4666
42133,0.5,Premium,D,SI1,61.3,60.0,5.15,5.1,3.14,1279
33553,0.3,Ideal,G,IF,62.0,54.4,4.3,4.32,2.67,830
45994,0.5,Ideal,E,VS1,62.3,55.0,5.12,5.09,3.18,1724
42716,0.54,Ideal,E,SI2,60.4,57.0,5.33,5.27,3.2,1340
48454,0.55,Very Good,F,VS1,61.2,56.4,5.28,5.33,3.25,1975
40131,0.41,Ideal,E,VS1,60.4,55.0,4.85,4.89,2.94,1115
36118,0.48,Ideal,H,SI1,61.2,56.0,5.06,5.1,3.11,927
43897,0.27,Premium,G,VS2,62.4,59.0,4.13,4.11,2.57,509
14578,1.21,Very Good,E,SI1,61.0,60.0,6.83,6.88,4.18,5885
9384,0.32,Ideal,D,SI1,61.5,56.0,4.39,4.42,2.71,589
53118,0.81,Good,I,VS2,63.8,58.0,5.84,5.89,3.74,2617
21175,1.13,Ideal,G,VVS2,62.3,57.0,6.62,6.66,4.14,9333
10662,0.9,Ideal,H,VVS2,62.0,57.0,6.2,6.15,3.83,4838
49468,0.47,Ideal,E,VVS2,61.6,56.0,4.97,5.01,3.07,2113
31635,0.3,Very Good,I,SI2,63.3,56.0,4.3,4.26,2.71,450
24910,2.0,Ideal,F,SI2,61.6,57.0,8.16,8.1,5.01,13351
24620,1.51,Premium,G,VS1,62.4,60.0,7.34,7.3,4.57,12948
20231,1.5,Very Good,I,VS2,63.0,57.0,7.2,7.25,4.55,8662
6832,1.01,Very Good,F,SI2,62.7,56.0,6.35,6.4,4.0,4121
31698,0.36,Ideal,F,SI1,61.5,56.0,4.62,4.59,2.83,770
31741,0.41,Premium,G,VS2,60.7,59.0,4.8,4.85,2.93,772
48301,0.31,Ideal,D,SI1,61.2,57.0,4.34,4.38,2.67,533
25816,1.61,Premium,F,VS2,61.6,61.0,7.54,7.47,4.62,14833
5731,1.09,Very Good,D,SI2,61.9,61.0,6.54,6.58,4.06,3890
49324,0.51,Ideal,F,VVS2,62.4,57.0,5.08,5.12,3.18,2093
14857,1.28,Very Good,H,SI2,60.2,58.0,7.03,7.13,4.26,5984
31695,0.36,Ideal,F,SI1,60.1,56.0,4.67,4.62,2.79,770
7061,0.33,Premium,I,VVS2,61.0,59.0,4.41,4.44,2.7,579
40738,0.54,Ideal,E,SI2,62.1,56.0,5.18,5.22,3.23,1163
28077,0.4,Ideal,J,VVS2,61.8,55.0,4.76,4.79,2.95,662
35621,0.3,Premium,I,VS1,61.6,60.0,4.27,4.3,2.64,473
18199,1.46,Very Good,I,SI1,62.8,57.0,7.13,7.21,4.5,7387
32193,0.35,Premium,H,VS1,61.7,59.0,4.53,4.51,2.79,788
49896,0.59,Premium,E,VS2,60.8,57.0,5.42,5.37,3.28,2177
2559,0.8,Ideal,D,SI2,61.9,54.0,5.95,6.0,3.7,3210
10889,1.0,Good,G,SI1,64.4,54.0,6.29,6.32,4.06,4882
8355,1.02,Ideal,F,SI2,62.4,57.0,6.43,6.4,4.0,4398
46162,0.5,Premium,E,VS2,61.4,59.0,5.13,5.09,3.14,1746
50535,0.5,Very Good,E,VVS2,62.4,55.0,5.08,5.11,3.18,2275
45517,0.43,Ideal,G,IF,61.3,55.0,4.86,4.89,2.99,1683
42403,0.53,Ideal,G,SI1,62.7,55.0,5.15,5.19,3.24,1308
43936,0.3,Premium,D,SI1,62.1,59.0,4.29,4.31,2.67,515
40791,0.31,Ideal,F,IF,61.2,57.0,4.35,4.38,2.67,1168
53726,0.72,Premium,D,VS2,61.0,59.0,5.77,5.74,3.51,2721
50504,0.71,Good,I,VS2,64.3,63.0,5.63,5.56,3.6,2270
22357,0.31,Ideal,H,VS2,62.2,55.0,4.37,4.35,2.71,628
49796,0.7,Ideal,F,SI2,60.1,57.0,5.78,5.81,3.48,2163
38759,0.53,Ideal,I,VS2,62.1,54.0,5.2,5.24,3.24,1046
36444,0.31,Ideal,D,VS2,62.1,54.0,4.36,4.34,2.7,942
5123,0.91,Very Good,E,SI2,62.9,56.0,6.14,6.17,3.87,3763
7247,1.0,Ideal,F,SI2,61.8,57.0,6.36,6.45,3.96,4197
49695,0.51,Ideal,G,IF,62.9,58.0,5.07,5.11,3.2,2146
42264,0.44,Ideal,G,VVS1,61.8,55.0,4.91,4.86,3.02,1294
12642,1.01,Premium,H,VS1,61.2,61.0,6.44,6.41,3.93,5294
36412,0.31,Premium,E,VS1,61.0,58.0,4.39,4.37,2.67,942
24931,1.5,Very Good,G,VS1,62.4,57.0,7.24,7.31,4.54,13379
52918,0.71,Very Good,E,SI1,59.3,59.0,5.83,5.87,3.47,2590
53642,0.7,Ideal,E,SI1,62.4,55.0,5.66,5.69,3.54,2703
14266,1.34,Ideal,I,SI2,61.3,55.0,7.16,7.12,4.38,5778
24805,1.71,Ideal,H,VS2,62.4,58.0,7.64,7.68,4.78,13190
5424,0.92,Very Good,D,SI2,63.3,59.0,6.18,6.12,3.89,3823
25431,1.57,Premium,G,VS1,59.9,56.0,7.6,7.55,4.54,14180
29218,0.34,Ideal,I,IF,61.6,54.0,4.5,4.53,2.78,695
16429,1.05,Ideal,G,VS2,61.9,57.0,6.47,6.51,4.03,6562
9414,1.01,Good,G,SI1,63.6,57.0,6.33,6.37,4.04,4588
40546,0.42,Ideal,G,VVS1,61.9,56.0,4.8,4.85,2.98,1150
13223,1.5,Premium,G,SI2,61.7,55.0,7.39,7.32,4.54,5460
7338,0.91,Very Good,E,SI1,61.9,61.0,6.1,6.12,3.78,4211
20759,1.07,Ideal,E,VS1,60.0,58.0,6.66,6.7,4.01,8998
16132,1.01,Very Good,G,VS2,63.6,56.0,6.34,6.39,4.05,6449
21224,1.27,Premium,G,VS1,61.1,60.0,6.99,7.03,4.28,9371
13282,1.08,Premium,F,SI1,61.0,59.0,6.67,6.57,4.04,5487
47047,0.6,Ideal,H,VS1,61.6,56.0,5.4,5.42,3.33,1820
37344,0.31,Ideal,D,VVS2,62.0,56.0,4.37,4.34,2.7,982
35043,0.4,Good,F,VS1,63.0,62.0,4.65,4.68,2.94,883
5804,0.71,Ideal,G,VVS2,61.5,57.0,5.74,5.78,3.54,3909
31640,0.25,Very Good,H,VVS1,60.1,62.0,4.08,4.11,2.46,450
9358,1.16,Very Good,I,SI1,62.9,58.0,6.64,6.69,4.19,4586
22008,1.52,Premium,H,SI1,62.5,58.0,7.33,7.29,4.57,10078
19704,0.37,Premium,F,SI2,60.7,57.0,4.67,4.62,2.82,624
5926,0.92,Premium,E,SI2,61.7,59.0,6.27,6.18,3.84,3941
2249,1.03,Fair,J,SI2,64.6,62.0,6.3,6.21,4.06,3149
39922,0.41,Premium,D,VVS2,62.2,58.0,4.78,4.8,2.98,1105
43652,0.53,Ideal,H,VS2,61.7,56.0,5.17,5.21,3.2,1435
35962,0.28,Ideal,H,VS1,62.1,55.0,4.17,4.21,2.6,476
10886,1.16,Ideal,G,SI2,61.9,56.0,6.73,6.77,4.18,4880
37394,0.3,Ideal,E,VVS1,61.1,56.0,4.38,4.36,2.67,982
30802,0.31,Good,F,VVS1,63.6,61.0,4.21,4.25,2.69,742
43243,0.38,Ideal,D,VVS1,61.8,56.0,4.63,4.66,2.87,1400
24321,2.0,Premium,D,SI2,59.3,62.0,8.12,8.06,4.8,12576
27888,0.3,Ideal,G,VVS2,62.2,57.0,4.25,4.3,2.66,655
11881,1.08,Premium,H,VS1,62.5,60.0,6.55,6.51,4.08,5111
38420,0.3,Very Good,E,IF,60.1,60.0,4.3,4.32,2.59,1026
30365,0.36,Very Good,I,VS1,63.3,56.0,4.56,4.51,2.87,729
4303,1.01,Very Good,J,SI2,61.9,59.0,6.34,6.38,3.94,3592
39910,0.5,Ideal,E,SI2,61.8,58.0,5.08,5.11,3.15,1104
7864,1.0,Good,E,SI2,62.1,61.0,6.36,6.4,3.96,4307
7461,0.9,Premium,H,VS1,62.9,58.0,6.12,6.06,3.83,4234
42780,0.41,Premium,D,VVS1,62.2,58.0,4.71,4.77,2.95,1349
17551,1.03,Ideal,G,VS2,61.6,55.0,6.49,6.54,4.01,7064
12101,1.09,Very Good,E,SI2,62.2,58.0,6.54,6.61,4.09,5165
14618,1.26,Premium,G,SI2,59.1,59.0,7.09,7.05,4.18,5899
18534,1.51,Premium,J,VS2,60.2,59.0,7.36,7.35,4.43,7553
22417,1.25,Ideal,D,VS1,61.7,56.0,6.92,7.01,4.3,10441
28327,0.33,Ideal,F,VS2,61.4,57.0,4.45,4.48,2.74,666
15686,1.23,Ideal,D,SI2,62.4,56.0,6.81,6.87,4.27,6289
49974,0.29,Very Good,G,VVS2,60.9,57.0,4.28,4.32,2.61,541
31216,0.32,Ideal,D,SI1,62.6,55.0,4.39,4.36,2.74,756
26368,0.32,Very Good,F,VS2,59.5,61.0,4.42,4.46,2.64,645
32461,0.36,Ideal,G,VVS2,61.7,54.0,4.59,4.62,2.84,794
4173,0.75,Ideal,E,VS1,62.5,57.0,5.8,5.85,3.64,3555
14969,1.0,Good,G,VS1,63.9,55.0,6.34,6.28,4.03,6028
50301,0.27,Very Good,E,VVS1,60.0,58.0,4.21,4.22,2.53,544
43308,0.58,Very Good,H,SI1,62.5,58.0,5.29,5.31,3.31,1402
52508,0.73,Premium,F,SI1,62.1,58.0,5.74,5.72,3.56,2527
4396,0.31,Good,D,SI1,63.7,54.0,4.31,4.35,2.76,571
15770,1.5,Good,J,SI2,63.6,58.0,7.18,7.25,4.59,6306
52006,0.81,Ideal,I,VS2,62.4,54.8,5.98,6.01,3.75,2444
27328,2.0,Ideal,F,SI2,62.0,57.0,8.1,8.03,5.0,17871
2575,0.71,Ideal,E,VS1,61.9,54.0,5.74,5.76,3.56,3212
13814,1.25,Very Good,J,VS1,61.8,58.0,6.89,6.93,4.27,5628
33042,0.32,Ideal,G,VVS1,61.8,55.0,4.4,4.43,2.73,814
17140,1.0,Very Good,F,VS2,63.8,56.9,6.29,6.36,4.04,6841
18680,1.55,Premium,J,SI1,62.5,58.0,7.4,7.36,4.61,7638
13839,1.23,Premium,F,SI1,62.5,58.0,6.83,6.76,4.25,5641
40012,0.7,Premium,I,I1,62.3,58.0,5.69,5.55,3.51,1107
34131,0.32,Ideal,F,VVS1,61.3,55.0,4.42,4.45,2.72,854
36200,0.35,Ideal,H,IF,60.8,56.0,4.61,4.63,2.81,931
49766,0.5,Premium,F,VVS2,63.0,57.0,5.05,5.01,3.17,2160
18482,1.5,Premium,I,SI2,60.8,58.0,7.34,7.24,4.43,7526
450,0.83,Ideal,H,SI1,62.5,55.0,6.04,6.0,3.76,2816
8617,1.24,Premium,H,SI2,62.3,58.0,6.84,6.8,4.25,4444
49424,0.7,Very Good,H,SI1,61.5,57.0,5.64,5.68,3.48,2107
53765,0.7,Very Good,D,SI1,61.8,55.0,5.73,5.76,3.55,2726
49875,0.7,Premium,H,SI1,62.0,61.0,6.65,5.69,3.46,2176
13545,1.02,Ideal,F,SI1,60.1,59.0,6.59,6.56,3.95,5549
37648,0.41,Very Good,H,VVS1,61.7,58.0,4.74,4.79,2.94,991
9712,0.35,Very Good,F,SI1,61.0,55.0,4.6,4.63,2.81,590
7852,0.9,Premium,D,SI1,61.5,58.0,6.21,6.15,3.8,4304
11140,1.0,Good,F,SI1,63.6,58.0,6.31,6.27,4.0,4939
46385,0.59,Very Good,F,VS2,62.0,58.0,5.35,5.42,3.34,1764
48735,0.78,Ideal,I,VS2,62.0,56.0,5.93,5.87,3.66,2012
37114,0.33,Ideal,E,VVS2,60.0,56.0,4.53,4.56,2.72,970
30185,0.41,Ideal,H,SI1,62.4,53.0,4.78,4.81,2.99,722
11336,1.01,Good,F,SI1,63.7,57.0,6.4,6.35,4.06,4989
1549,0.72,Good,F,VS1,63.8,58.0,5.68,5.63,3.61,3002
16673,1.23,Very Good,G,SI1,63.1,56.0,6.81,6.78,4.29,6665
14690,1.05,Premium,G,VS2,62.5,55.0,6.59,6.54,4.1,5927
34612,0.27,Ideal,E,VS1,61.6,55.0,4.16,4.18,2.57,470
46761,0.54,Ideal,G,VVS2,62.6,57.0,5.19,5.23,3.26,1801
36160,0.38,Ideal,G,VVS2,61.5,55.2,4.67,4.71,2.89,929
50552,0.73,Ideal,F,SI2,62.1,56.0,5.77,5.8,3.59,2276
372,0.73,Very Good,D,SI1,63.1,57.0,5.74,5.7,3.61,2808
44486,0.51,Very Good,D,VS2,62.9,56.0,5.07,5.1,3.2,1597
46893,0.56,Premium,H,VVS2,59.8,57.0,5.48,5.39,3.25,1814
14140,1.26,Very Good,H,SI2,62.2,57.0,6.86,6.9,4.28,5736
11933,1.09,Ideal,E,SI2,61.6,55.0,6.64,6.6,4.08,5127
39868,0.42,Ideal,H,VVS2,61.9,55.0,4.83,4.86,3.0,1102
14744,1.19,Ideal,F,SI1,62.1,56.0,6.81,6.84,4.24,5937
6427,0.9,Ideal,G,SI2,61.4,56.0,6.19,6.23,3.81,4044
21998,1.09,Premium,G,IF,61.3,58.0,6.64,6.6,4.06,10065
13568,1.01,Ideal,G,SI1,63.0,57.0,6.37,6.4,4.02,5555
45954,0.56,Ideal,D,SI1,62.3,56.0,5.26,5.33,3.3,1723
38558,0.5,Very Good,I,SI1,62.5,57.0,5.06,5.09,3.17,1035
47916,0.56,Ideal,F,VS1,61.7,56.0,5.3,5.33,3.28,1915
33936,0.3,Ideal,J,VVS1,60.4,57.0,4.36,4.38,2.64,464
4621,1.01,Premium,I,SI2,59.6,62.0,6.56,6.5,3.89,3665
15976,1.02,Very Good,E,SI1,62.7,60.0,6.45,6.4,4.03,6397
24070,1.6,Premium,H,VS1,60.0,59.0,7.61,7.58,4.56,12210
14283,1.24,Very Good,I,VS2,60.1,59.0,6.95,7.02,4.2,5783
28752,0.31,Very Good,E,VS2,62.6,56.0,4.3,4.33,2.7,680
33189,0.34,Very Good,G,VVS1,61.7,56.0,4.49,4.51,2.78,819
6659,0.72,Ideal,E,VVS2,62.0,54.9,5.75,5.78,3.57,4094
8268,0.9,Very Good,D,SI1,59.4,62.0,6.19,6.24,3.69,4381
3087,0.74,Ideal,E,VS2,61.7,56.0,5.86,5.81,3.6,3315
21822,1.51,Premium,D,SI2,63.0,62.0,7.28,7.23,4.57,9894
44805,0.5,Very Good,E,VS2,61.3,59.0,5.05,5.1,3.11,1624
34750,0.41,Premium,H,SI1,62.0,59.0,4.8,4.78,2.97,876
8390,0.32,Very Good,E,SI1,59.9,57.0,4.47,4.49,2.68,584
12947,1.11,Ideal,H,SI1,62.7,56.0,6.65,6.59,4.15,5386
48905,0.51,Very Good,F,VVS2,60.8,56.0,5.17,5.2,3.15,2041
49826,0.56,Ideal,G,VVS2,60.7,56.0,5.33,5.32,3.23,2167
29030,0.31,Ideal,H,VVS1,62.3,54.0,4.37,4.4,2.73,687
25533,1.5,Premium,F,VS2,61.0,58.0,7.37,7.31,4.48,14352
17684,1.02,Ideal,G,VS1,61.6,55.0,6.53,6.46,4.0,7129
36626,0.24,Very Good,D,VVS2,61.9,58.0,4.02,4.03,2.49,478
19562,1.04,Very Good,D,VS1,62.3,59.0,6.39,6.48,4.01,8192
5206,1.0,Premium,J,SI1,62.8,59.0,6.37,6.27,3.97,3780
48643,0.31,Ideal,I,SI1,62.2,56.0,4.37,4.34,2.71,537
28107,0.36,Ideal,D,SI1,61.6,56.0,4.54,4.58,2.81,663
38973,0.4,Very Good,E,VS1,62.4,54.0,4.71,4.75,2.95,1053
53543,0.76,Ideal,H,VS2,62.7,57.0,5.86,5.82,3.66,2692
20023,0.32,Very Good,G,SI2,62.3,58.0,4.37,4.42,2.74,421
52188,0.7,Ideal,G,SI1,62.5,56.0,5.67,5.69,3.55,2478
31758,0.44,Ideal,G,SI1,61.5,57.0,4.87,4.88,3.0,772
8008,0.9,Very Good,H,VS1,62.5,58.0,6.08,6.14,3.82,4328
4441,0.9,Premium,J,VVS1,62.0,58.0,6.19,6.11,3.81,3617
13911,1.04,Ideal,F,SI1,61.4,56.0,6.52,6.58,4.02,5663
6149,1.05,Good,F,SI2,63.6,59.0,6.4,6.36,4.06,3989
23516,1.57,Premium,F,SI1,62.0,58.0,7.47,7.41,4.61,11523
30526,0.44,Ideal,H,SI1,61.9,57.0,4.9,4.92,3.04,733
45567,0.52,Premium,G,VS1,61.2,60.0,5.13,5.19,3.16,1689
21639,1.63,Good,I,SI1,63.7,58.0,7.48,7.4,4.74,9730
52462,0.68,Good,F,VS1,60.0,60.8,5.67,5.71,3.41,2516
39649,0.55,Very Good,I,SI2,61.5,60.0,5.23,5.25,3.22,1087
5243,1.0,Ideal,J,SI1,62.7,58.0,6.35,6.41,4.0,3788
4919,0.9,Fair,H,VS2,64.6,54.0,6.09,6.14,3.95,3725
45163,0.5,Ideal,D,SI1,62.6,57.0,5.1,5.06,3.18,1654
40038,0.52,Good,H,SI1,63.1,57.0,5.09,5.14,3.23,1111
18891,0.9,Very Good,E,IF,63.9,55.0,6.05,6.09,3.88,7747
17269,1.51,Very Good,I,SI2,63.2,58.0,7.31,7.27,4.61,6914
31985,0.3,Premium,F,VS2,61.4,60.0,4.3,4.27,2.63,776
10606,1.08,Premium,H,SI1,62.6,56.0,6.58,6.52,4.1,4826
19777,1.02,Ideal,D,VS1,62.6,57.0,6.4,6.44,4.02,8347
41921,0.53,Ideal,E,SI2,63.0,57.0,5.16,5.13,3.24,1262
23419,1.33,Ideal,D,VS2,62.8,56.0,7.08,7.03,4.43,11409
16003,1.05,Ideal,F,VS2,62.7,56.0,6.52,6.59,4.11,6403
7605,0.73,Ideal,D,VS1,61.9,55.0,5.78,5.81,3.59,4258
7059,0.33,Premium,I,VVS2,61.0,58.0,4.42,4.46,2.71,579
46799,0.7,Premium,F,SI2,60.6,57.0,5.81,5.74,3.5,1806
32592,0.3,Ideal,F,VVS1,61.8,54.0,4.33,4.37,2.69,802
33302,0.4,Good,F,VS2,63.4,54.4,4.68,4.73,2.99,826
26316,1.52,Very Good,F,VS1,63.8,56.0,7.25,7.3,4.64,15819
53218,0.71,Ideal,F,SI2,62.1,56.0,5.75,5.7,3.56,2637
6961,0.9,Ideal,E,SI1,61.7,56.0,6.16,6.23,3.82,4147
40188,0.43,Ideal,I,VVS1,60.6,57.0,4.88,4.94,2.97,1120
11442,0.72,Ideal,F,VVS1,60.8,56.0,5.81,5.83,3.54,5006
26614,1.8,Ideal,F,SI1,61.8,57.0,7.79,7.83,4.83,16364
7304,1.0,Good,F,SI2,62.0,59.0,6.32,6.36,3.93,4204
1720,0.32,Ideal,G,VS2,61.4,55.0,4.4,4.46,2.72,561
17019,1.01,Ideal,G,VS1,62.4,56.0,6.44,6.39,4.0,6794
18884,1.51,Very Good,J,VS2,61.0,58.0,7.35,7.41,4.5,7744
46564,0.53,Premium,D,VS2,62.4,59.0,5.14,5.18,3.22,1783
52835,0.71,Very Good,G,VS2,63.1,54.0,5.64,5.7,3.58,2574
50884,0.83,Good,H,SI2,63.9,56.0,5.93,5.99,3.81,2316
10131,0.91,Very Good,D,VS2,62.7,59.0,6.13,6.16,3.85,4720
38121,0.3,Premium,G,VVS1,60.7,59.0,4.37,4.33,2.64,1013
22108,1.0,Premium,E,VVS1,60.3,54.0,6.59,6.47,3.94,10134
21816,1.31,Ideal,G,VS1,62.2,56.0,7.01,7.05,4.37,9891
5615,0.72,Ideal,E,VVS2,62.0,56.0,5.74,5.77,3.57,3874
9334,1.2,Very Good,J,SI2,61.8,60.0,6.76,6.83,4.2,4580
9748,1.04,Ideal,I,SI1,61.3,57.0,6.57,6.54,4.02,4659
32063,0.33,Ideal,D,SI1,61.3,56.0,4.46,4.44,2.73,780
17602,1.21,Ideal,E,SI1,62.3,56.0,6.87,6.81,4.26,7088
8399,0.3,Very Good,E,VS2,61.6,61.0,4.26,4.31,2.64,585
7195,0.87,Premium,D,SI1,62.1,58.0,6.08,6.13,3.79,4189
16663,1.56,Very Good,J,SI2,62.0,57.0,7.37,7.44,4.59,6662
14822,1.38,Ideal,J,SI2,62.6,56.0,7.05,7.16,4.45,5969
4653,1.12,Premium,I,SI2,61.2,58.0,6.72,6.68,4.1,3669
52101,0.69,Ideal,F,SI1,61.3,55.0,5.72,5.74,3.51,2459
43753,0.53,Ideal,E,SI2,61.4,56.0,5.21,5.25,3.21,1438
41543,0.52,Premium,G,SI2,61.4,56.0,5.27,5.18,3.2,1235
8380,0.31,Ideal,F,VS2,62.2,56.0,4.36,4.39,2.72,583
46992,0.57,Very Good,G,VS1,61.0,55.0,5.36,5.43,3.28,1817
48214,0.57,Ideal,H,VVS1,60.9,56.0,5.36,5.38,3.27,1949
41967,0.23,Very Good,E,VVS2,62.8,58.0,3.92,3.94,2.47,505
30142,0.32,Premium,G,VS2,62.5,60.0,4.38,4.32,2.72,720
36303,0.32,Premium,H,VVS1,61.4,58.0,4.42,4.37,2.7,936
36666,0.36,Ideal,G,VS1,61.4,56.0,4.55,4.6,2.81,949
26025,0.32,Ideal,G,VS1,62.0,56.0,4.37,4.41,2.72,645
4962,0.9,Very Good,G,SI1,62.0,61.0,6.07,6.13,3.78,3734
40039,0.52,Very Good,H,SI1,62.6,55.0,5.12,5.16,3.22,1111
50295,0.23,Ideal,E,VS2,62.6,57.0,3.92,3.88,2.44,543
7830,1.01,Very Good,F,SI2,61.8,56.0,6.43,6.38,3.96,4298
28668,0.32,Premium,E,VS1,61.3,58.0,4.36,4.39,2.68,677
24417,1.21,Ideal,D,VVS2,62.8,55.0,6.77,6.84,4.26,12657
4942,0.76,Ideal,D,SI1,62.3,55.0,5.81,5.84,3.63,3732
47088,0.73,Premium,H,SI2,60.5,57.0,5.84,5.76,3.51,1824
17095,1.02,Very Good,E,VS2,62.5,57.0,6.36,6.41,3.99,6816
2274,1.22,Premium,J,SI2,62.6,59.0,6.79,4.24,3.76,3156
17016,1.52,Ideal,H,I1,61.6,56.0,7.75,7.73,4.77,6793
47005,0.51,Premium,D,VS2,61.9,58.0,5.19,5.12,3.19,1818
7858,1.0,Good,H,VS2,63.6,57.0,6.35,6.26,4.01,4305
1993,0.81,Ideal,I,SI1,61.3,56.0,6.23,6.27,3.83,3097
28655,0.35,Very Good,G,VS1,61.5,60.0,4.51,4.57,2.79,676
22433,1.57,Ideal,I,VS2,62.8,57.0,7.46,7.37,4.66,10462
51526,0.7,Good,E,SI1,63.6,62.0,5.57,5.6,3.55,2386
3074,0.96,Good,J,VS2,63.9,58.0,6.27,6.21,3.99,3312
14638,1.13,Ideal,H,SI1,61.9,60.0,6.63,6.65,4.11,5911
23265,1.57,Premium,H,VS1,59.8,60.0,7.63,7.56,4.54,11272
16667,1.06,Very Good,G,VS1,62.8,54.0,6.5,6.56,4.1,6663
13571,1.0,Ideal,E,SI1,61.4,58.0,6.41,6.43,3.94,5555
47687,0.56,Premium,E,VS2,61.0,62.0,5.36,5.28,3.24,1882
20582,1.5,Ideal,H,VS1,62.1,57.0,7.37,7.23,4.53,8891
11880,1.03,Ideal,G,SI1,60.1,59.0,6.6,6.57,3.96,5111
12009,1.14,Premium,I,VS1,60.3,57.0,6.83,6.81,4.11,5148
21268,1.16,Ideal,G,VVS2,62.2,56.0,6.74,6.7,4.18,9419
39485,0.41,Ideal,E,VS1,62.1,55.0,4.75,4.78,2.96,1079
32775,0.34,Premium,D,SI1,62.7,59.0,4.45,4.42,2.78,803
35447,0.32,Premium,E,VS2,62.6,58.0,4.4,4.36,2.74,900
49259,0.71,Ideal,D,SI2,62.5,57.0,5.7,5.73,3.57,2088
40330,0.56,Ideal,G,SI2,61.0,57.0,5.34,5.32,3.25,1127
38301,0.35,Very Good,D,SI2,62.4,57.0,4.47,4.5,2.8,487
41771,0.54,Ideal,E,SI2,60.6,57.0,5.25,5.28,3.19,1246
43638,0.43,Ideal,G,IF,61.8,56.0,4.86,4.88,3.01,1433
6509,0.9,Premium,H,VS1,63.0,59.0,6.13,6.1,3.85,4064
17070,1.5,Premium,J,SI1,60.5,59.0,7.38,7.47,4.49,6806
34877,0.3,Ideal,G,VVS1,61.7,57.0,4.34,4.31,2.67,878
11841,1.01,Ideal,I,VS2,62.0,54.0,6.43,6.47,4.0,5099
38241,0.41,Ideal,D,VS1,61.2,57.0,4.77,4.81,2.93,1018
13947,1.18,Very Good,H,SI1,62.6,55.0,6.76,6.79,4.24,5674
46386,0.71,Very Good,J,SI2,61.1,58.0,5.67,5.76,3.49,1764
5297,0.71,Ideal,D,VS1,62.1,57.0,5.7,5.73,3.55,3801
3287,0.91,Good,F,SI1,64.0,57.0,6.17,6.08,3.92,3363
47006,0.71,Good,F,SI2,64.0,58.0,5.65,5.59,3.6,1818
39665,0.42,Premium,G,VS2,60.1,61.0,4.86,4.79,2.9,1087
38116,0.3,Ideal,H,IF,62.1,55.0,4.3,4.27,2.66,1013
12969,1.14,Ideal,J,VS1,61.5,57.0,6.7,6.73,4.13,5392
47624,0.55,Premium,E,VS2,61.4,57.0,5.29,5.27,3.24,1881
48522,0.54,Ideal,G,VVS2,61.0,56.0,5.25,5.3,3.22,1985
42216,0.42,Ideal,G,IF,61.9,53.0,4.83,4.87,3.0,1289
42066,0.62,Premium,E,SI2,60.7,58.0,5.53,5.51,3.35,1271
29684,0.32,Ideal,F,VS2,62.6,57.0,4.41,4.37,2.75,707
23051,1.01,Ideal,D,VVS2,62.3,53.0,6.4,6.47,4.02,11082
6037,0.33,Ideal,D,SI1,62.2,54.0,4.45,4.46,2.77,575
20578,1.0,Premium,E,VVS2,61.6,59.0,6.42,6.46,3.97,8888
23323,1.5,Good,E,SI1,63.0,54.0,7.19,7.26,4.55,11368
21828,1.52,Good,H,SI1,63.6,57.0,7.25,7.3,4.63,9898
25353,0.28,Very Good,E,VVS2,59.1,59.0,4.27,4.33,2.54,642
53396,0.72,Premium,E,SI1,61.3,58.0,5.81,5.78,3.55,2666
34348,0.35,Ideal,D,VS1,60.1,57.0,4.58,4.61,2.76,862
42805,0.59,Ideal,J,VS2,60.8,57.0,5.47,5.42,3.31,1352
45840,0.6,Very Good,F,SI1,62.1,57.4,5.39,5.45,3.35,1715
5287,1.06,Ideal,H,SI2,60.4,57.0,6.64,6.58,3.99,3799
14366,1.02,Ideal,G,VS2,62.0,57.0,6.38,6.46,3.98,5816
17130,0.8,Very Good,D,IF,63.3,57.0,5.85,5.87,3.71,6834
36724,0.32,Ideal,E,VVS1,61.7,55.0,4.39,4.42,2.72,954
18867,1.02,Very Good,E,VS1,60.5,60.0,6.49,6.54,3.94,7738
50251,0.7,Premium,F,SI2,59.5,58.0,5.82,5.72,3.44,2234
17179,1.0,Ideal,E,VS2,61.7,54.0,6.41,6.46,3.97,6859
35669,0.4,Very Good,F,VS1,63.4,54.0,4.68,4.72,2.98,909
31614,0.32,Ideal,I,SI2,61.7,55.0,4.39,4.42,2.72,371
43759,0.41,Ideal,F,IF,61.4,56.0,4.77,4.81,2.94,1439
20366,1.28,Ideal,H,VVS1,61.7,55.0,6.97,7.01,4.31,8759
40425,0.54,Very Good,I,SI1,63.2,57.0,5.17,5.21,3.28,1135
2600,1.18,Very Good,E,I1,59.9,63.0,6.8,6.85,4.09,3219
49811,0.5,Ideal,F,VVS1,60.4,56.0,5.16,5.21,3.13,2165
21732,1.17,Ideal,G,VVS1,61.9,56.0,6.73,6.78,4.18,9799
7135,1.04,Very Good,I,SI1,62.5,62.0,6.39,6.45,4.01,4175
42823,0.5,Good,F,VS2,59.7,63.0,5.08,5.1,3.04,1354
12580,1.2,Very Good,I,SI1,62.6,58.2,6.71,6.74,4.21,5280
9498,0.91,Ideal,I,VVS1,60.0,57.0,6.29,6.31,3.83,4609
51959,0.56,Ideal,G,IF,61.4,57.0,5.29,5.32,3.26,2442
18346,1.01,Ideal,F,VS1,62.0,57.0,6.39,6.45,3.98,7465
18423,1.5,Very Good,J,VS2,62.6,58.0,7.25,7.29,4.55,7492
7445,0.92,Very Good,E,SI1,60.7,59.0,6.25,6.28,3.8,4232
25248,1.76,Premium,D,SI2,59.6,58.0,7.9,7.86,4.7,13867
2173,0.73,Ideal,F,VS1,62.9,56.0,5.71,5.77,3.61,3135
42149,0.5,Ideal,F,SI1,62.7,57.0,5.06,5.09,3.18,1282
38047,0.49,Premium,H,SI2,59.9,59.0,5.17,5.12,3.08,1011
51796,0.7,Good,F,VS2,63.9,53.0,5.65,5.61,3.6,2415
52768,0.72,Good,F,SI1,64.0,61.0,5.67,5.62,3.61,2563
17135,1.28,Ideal,I,VS2,61.6,57.0,7.01,6.98,4.31,6838
52380,0.7,Very Good,G,VS2,62.7,57.0,5.65,5.7,3.56,2507
47938,0.56,Premium,E,VS2,62.1,57.0,5.3,5.27,3.28,1915
14782,1.21,Premium,H,SI1,62.5,58.0,6.75,6.72,4.21,5948
38586,0.39,Ideal,F,VVS2,61.9,54.8,4.68,4.69,2.9,1036
11658,1.07,Premium,H,SI1,62.2,57.0,6.57,6.48,4.06,5055
14131,1.1,Premium,H,VS2,62.5,58.0,6.59,6.54,4.1,5729
25228,1.51,Ideal,G,VS2,62.3,54.0,7.35,7.33,4.57,13828
29136,0.32,Ideal,G,VVS2,61.4,56.0,4.42,4.44,2.72,692
4414,0.75,Ideal,F,SI1,60.8,57.0,5.87,5.9,3.58,3610
23415,1.5,Ideal,F,SI1,62.0,53.0,7.32,7.29,4.53,11405
22856,1.2,Very Good,F,VVS2,62.9,59.0,6.72,6.76,4.24,10891
27038,0.32,Premium,F,VS2,60.7,58.0,4.41,4.45,2.69,645
3025,0.66,Very Good,E,VVS1,61.8,55.0,5.6,5.66,3.48,3309
42077,0.46,Very Good,F,VS2,59.6,58.2,4.99,5.06,3.0,1273
38803,0.31,Ideal,G,VVS1,62.5,54.0,4.37,4.33,2.72,1046
5256,0.9,Good,G,VS2,63.9,61.0,6.01,5.97,3.83,3792
47736,0.56,Ideal,G,VS1,61.2,54.0,5.36,5.32,3.27,1890
47652,0.23,Ideal,D,VVS2,62.1,57.0,3.92,3.97,2.45,530
15937,1.2,Very Good,E,SI1,63.2,57.0,6.75,6.69,4.25,6373
33500,0.32,Ideal,F,VS2,62.8,53.0,4.38,4.34,2.74,828
39278,0.43,Good,J,SI2,63.7,57.0,4.76,4.79,3.04,490
32797,0.31,Ideal,D,VVS2,61.2,59.0,4.37,4.39,2.68,805
3881,0.9,Very Good,I,VS1,63.5,57.0,6.06,6.03,3.84,3484
45036,0.96,Fair,H,I1,61.5,63.0,6.22,6.06,3.78,1637
20058,0.31,Good,G,VS1,63.2,57.0,4.28,4.33,2.72,625
29031,0.31,Ideal,H,VVS1,62.2,54.0,4.34,4.37,2.71,687
48981,0.34,Ideal,H,VS2,61.4,57.0,4.48,4.55,2.77,537
46170,0.5,Premium,E,VS2,61.3,58.0,5.12,5.06,3.12,1746
35201,0.33,Ideal,I,IF,61.8,55.0,4.47,4.46,2.76,891
8972,1.0,Good,F,SI1,62.5,57.0,6.28,6.39,3.96,4504
14323,1.19,Premium,H,SI1,62.7,56.0,6.76,6.7,4.22,5802
1004,0.79,Ideal,G,SI1,62.3,57.0,5.9,5.85,3.66,2898
11188,1.18,Premium,I,SI1,60.5,59.0,6.9,6.82,4.15,4956
42809,0.53,Ideal,H,VS2,62.3,54.0,5.19,5.21,3.24,1353
13949,1.14,Ideal,G,SI2,61.5,55.0,6.78,6.71,4.15,5675
36661,0.38,Ideal,G,VVS1,61.2,54.0,4.69,4.72,2.88,949
39513,0.32,Premium,E,VVS2,59.9,58.0,4.5,4.45,2.68,1080
41413,0.53,Very Good,D,SI2,59.3,61.0,5.26,5.29,3.13,1226
3666,1.22,Very Good,J,SI2,63.5,58.0,6.8,6.75,4.3,3443
6174,0.9,Very Good,F,SI1,63.4,62.0,6.05,6.0,3.82,3992
48618,0.7,Very Good,H,SI2,61.5,63.0,5.63,5.59,3.45,1999
51714,0.7,Very Good,F,SI1,62.9,59.0,5.62,5.67,3.55,2401
19037,0.3,Ideal,F,VS1,61.6,54.0,4.32,4.35,2.67,621
45059,0.59,Premium,E,VS2,59.1,61.0,5.61,5.53,3.29,1641
17368,1.22,Premium,G,SI2,62.4,61.0,6.79,6.79,4.23,6969
44318,0.31,Premium,I,VS2,59.3,59.0,4.42,4.38,2.61,521
27979,0.3,Ideal,E,VS2,61.8,56.0,4.31,4.33,2.67,658
13655,1.27,Premium,I,SI1,60.9,59.0,6.94,6.99,4.24,5588
33864,0.3,Ideal,E,VS2,62.1,55.0,4.35,4.32,2.69,844
46258,0.54,Ideal,G,VS1,61.3,57.0,5.25,5.28,3.23,1754
51937,0.55,Ideal,G,IF,60.0,57.0,5.33,5.39,3.22,2440
16021,0.3,Premium,I,VS1,59.8,60.0,4.36,4.34,2.6,608
10205,0.9,Ideal,H,SI1,61.6,56.0,6.17,6.23,3.82,4740
20980,1.54,Ideal,G,SI2,61.9,55.0,7.47,7.39,4.6,9193
3800,1.0,Ideal,J,SI2,62.1,56.0,6.34,6.41,3.96,3465
40493,0.42,Ideal,F,VVS2,61.3,57.0,4.8,4.82,2.95,1142
51195,0.6,Premium,F,VVS2,61.3,59.0,5.45,5.41,3.33,2350
48533,0.71,Very Good,H,SI1,62.5,63.0,5.66,5.63,3.53,1986
7261,1.01,Good,F,SI1,64.2,58.0,6.31,6.33,4.06,4199
35151,0.31,Ideal,E,VVS1,61.7,56.0,4.38,4.41,2.71,890
5348,0.9,Very Good,D,SI1,62.4,63.0,6.13,6.04,3.8,3812
6835,1.01,Good,F,SI2,63.6,59.0,6.34,6.37,4.04,4121
19104,1.22,Premium,G,VS2,61.2,58.0,6.91,6.81,4.2,7870
31516,0.34,Ideal,E,SI1,62.3,57.0,4.51,4.48,2.8,765
52249,0.74,Ideal,G,SI2,61.9,55.0,5.82,5.84,3.61,2487
22802,1.04,Ideal,F,VVS1,61.6,55.0,6.5,6.53,4.02,10825
48534,0.54,Ideal,D,VS1,61.6,54.0,5.24,5.25,3.23,1987
45726,0.63,Ideal,F,SI1,62.6,56.0,5.53,5.49,3.45,1698
20515,1.71,Premium,J,SI1,62.9,58.0,7.64,7.58,4.79,8848
20827,1.5,Premium,I,VS2,62.5,59.0,7.3,7.26,4.55,9055
13958,1.01,Very Good,G,VS2,62.5,57.0,6.37,6.4,3.99,5679
13533,1.0,Good,D,SI1,60.5,60.0,6.37,6.42,3.87,5546
41091,0.41,Ideal,F,VVS2,61.7,57.0,4.8,4.73,2.94,1192
20591,1.52,Premium,D,SI2,60.2,60.0,7.46,7.4,4.47,8897
13328,1.11,Ideal,D,SI2,62.2,57.0,6.66,6.62,4.12,5501
12724,0.9,Premium,E,VS2,62.6,60.0,6.15,6.08,3.83,5312
28634,0.33,Very Good,I,SI1,63.0,57.0,4.37,4.39,2.76,434
41458,0.59,Premium,E,SI2,61.4,59.0,5.4,5.32,3.29,1229
24704,0.32,Ideal,E,VS2,61.7,56.0,4.39,4.43,2.72,639
39677,0.47,Premium,E,SI1,59.3,56.0,5.07,5.05,3.02,1087
5345,0.53,Ideal,D,IF,62.2,55.0,5.17,5.19,3.22,3812
32438,0.43,Very Good,F,SI1,62.4,56.0,4.81,4.84,3.01,792
32604,0.31,Premium,F,VS2,59.0,59.0,4.47,4.44,2.63,802
36267,0.3,Ideal,E,VS1,61.6,57.0,4.33,4.3,2.66,936
26961,1.75,Very Good,G,VS1,59.6,60.0,7.76,7.9,4.67,17036
14614,1.01,Premium,G,VS1,61.7,59.0,6.38,6.33,3.92,5898
48689,0.72,Ideal,J,VS1,62.7,57.0,5.71,5.74,3.59,2006
27077,1.6,Premium,G,VVS1,61.5,58.0,7.48,7.58,4.63,17204
25611,1.52,Ideal,G,VS1,61.8,56.0,7.4,7.45,4.59,14482
17515,1.04,Ideal,G,VS2,61.3,57.0,6.53,6.56,4.01,7044
31110,0.31,Very Good,F,VVS2,62.0,56.0,4.36,4.39,2.71,754
6936,0.93,Premium,D,SI2,62.6,57.0,6.26,6.2,3.9,4140
50962,0.7,Very Good,E,SI2,60.8,57.0,5.66,5.72,3.46,2324
32113,0.25,Ideal,E,VVS1,62.3,53.0,4.08,4.11,2.55,783
47031,0.57,Ideal,E,VS2,60.4,57.0,5.4,5.36,3.25,1819
45065,0.51,Premium,D,SI1,61.9,60.0,5.15,5.12,3.18,1642
12383,0.35,Ideal,I,VVS2,61.5,55.0,4.53,4.57,2.8,598
21765,1.08,Ideal,G,IF,62.3,56.0,6.55,6.59,4.09,9831
21356,1.02,Ideal,D,VS2,61.5,56.0,6.46,6.49,3.99,9502
42698,0.52,Very Good,G,SI1,63.3,55.0,5.1,5.07,3.22,1338
44528,0.53,Ideal,H,VS1,61.2,56.0,5.23,5.26,3.21,1601
24033,0.4,Ideal,J,VS1,62.2,54.0,4.72,4.76,2.95,633
31968,0.26,Premium,E,VS1,60.1,60.0,4.1,4.15,2.48,452
13010,1.49,Good,I,SI2,64.3,59.0,7.2,7.1,4.6,5407
18474,1.05,Very Good,E,VS1,61.6,58.0,6.53,6.56,4.03,7521
32822,0.34,Ideal,D,VS2,62.0,55.0,4.45,4.48,2.77,805
1231,0.79,Very Good,E,SI2,59.2,59.0,6.04,6.06,3.58,2941
39869,0.3,Ideal,E,VVS1,61.2,57.0,4.33,4.36,2.66,1102
50413,0.71,Good,G,VS2,64.1,56.0,5.64,5.6,3.6,2258
50317,0.71,Very Good,G,SI1,63.1,60.0,5.6,5.69,3.56,2240
47377,0.57,Premium,D,SI1,61.1,56.0,5.38,5.33,3.27,1847
7211,0.9,Premium,H,VS2,61.7,59.0,6.19,6.13,3.8,4191
29399,0.34,Ideal,E,VS1,59.1,57.0,4.55,4.58,2.7,698
27075,1.51,Very Good,F,VVS2,61.3,61.0,7.33,7.36,4.5,17203
29802,0.3,Premium,D,SI1,62.2,58.0,4.31,4.28,2.67,709
6230,1.01,Fair,G,SI1,64.2,59.0,6.31,6.28,4.04,4004
9636,0.97,Premium,D,SI1,62.0,60.0,6.29,6.25,3.89,4639
52370,0.7,Premium,F,SI1,62.1,58.0,5.64,5.7,3.52,2504
406,0.29,Very Good,E,VS1,62.4,55.0,4.2,4.25,2.63,555
44010,0.51,Premium,G,VS2,61.2,60.0,5.17,5.12,3.15,1546
26699,0.35,Premium,H,SI2,62.0,58.0,4.47,4.5,2.78,429
53435,0.72,Very Good,F,SI1,61.1,54.0,5.82,5.84,3.56,2673
9140,0.93,Very Good,E,SI1,62.5,58.0,6.18,6.24,3.88,4537
53759,0.72,Premium,F,VS2,62.0,56.0,5.78,5.68,3.55,2724
36393,0.43,Ideal,G,VS2,61.7,55.0,4.85,4.88,3.0,942
28076,0.38,Very Good,H,SI1,60.1,57.0,4.73,4.75,2.85,662
29897,0.3,Premium,D,VS2,60.6,58.0,4.32,4.36,2.63,710
52122,0.7,Very Good,G,VS2,63.3,56.0,5.59,5.66,3.56,2464
